,id_street,id_point,metre,address,number,original_n,initial_date,final_date,source,author,date,cord,first_day,first_month,first_year,last_day,last_month,last_year,reason
1,78,78-42,41.0,rua araujo,55.0,55,19/09/1908,14/05/1936,"Livro de Emplacamento, n.21, p.122; Livro de Emplacamento, n.17, p.67; Livro de Emplacamento, n.1, p.2",Cintia,8/10/2018,-46.6439355634494 -23.5436200423457,19.0,9.0,1908.0,14.0,5.0,1936.0,Initial year is greater than final year.
4,78,78-276,276.4,rua araujo,21.0,21,08/08/1930,14/05/1936,"Livro de Emplacamento, n.21, p.122; Livro de Emplacamento, n.17, p.67; Livro de Emplacamento, n.1, p.2",Cintia,8/10/2018,-46.6447205644223 -23.5455591474032,8.0,8.0,1930.0,14.0,5.0,1936.0,Initial year is greater than final year.
5,78,78-276,276.4,rua araujo,19.0,19,19/09/1908,08/07/1930,"Livro de Emplacamento, n.21, p.122; Livro de Emplacamento, n.17, p.67; Livro de Emplacamento, n.1, p.2",Cintia,8/10/2018,-46.6447205644223 -23.5455591474032,19.0,9.0,1908.0,8.0,7.0,1930.0,Initial year is greater than final year.
7,78,78-392,391.5,rua araujo,1.0,1,19/09/1908,14/05/1936,"Livro de Emplacamento, n.21, p.122; Livro de Emplacamento, n.17, p.67; Livro de Emplacamento, n.1, p.2",Cintia,8/10/2018,-46.6450083489439 -23.5465642428292,19.0,9.0,1908.0,14.0,5.0,1936.0,Initial year is greater than final year.
9,78,78-73,74.1,rua araujo,42.0,42,08/08/1930,14/05/1936,"Livro de Emplacamento, n.21, p.121; Livro de Emplacamento, n.17, p.67; Livro de Emplacamento, n.1, p.2",Cintia,8/10/2018,-46.6441550132508 -23.5438255682242,8.0,8.0,1930.0,14.0,5.0,1936.0,Initial year is greater than final year.
10,78,78-73,74.1,rua araujo,44.0,44,19/09/1908,08/08/1930,"Livro de Emplacamento, n.21, p.121; Livro de Emplacamento, n.17, p.67; Livro de Emplacamento, n.1, p.2",Cintia,8/10/2018,-46.6441550132508 -23.5438255682242,19.0,9.0,1908.0,8.0,8.0,1930.0,Initial year is greater than final year.
13,78,78-281,281.8,rua araujo,10.0,10,19/09/1908,14/05/1936,"Livro de Emplacamento, n.21, p.122; Livro de Emplacamento, n.17, p.67; Livro de Emplacamento, n.1, p.2",Cintia,8/10/2018,-46.6447343405951 -23.5456062241194,19.0,9.0,1908.0,14.0,5.0,1936.0,Initial year is greater than final year.
15,78,78-399,399.6,rua araujo,2.0,2,19/09/1908,14/05/1936,"Livro de Emplacamento, n.21, p.122; Livro de Emplacamento, n.17, p.67; Livro de Emplacamento, n.1, p.2",Cintia,8/10/2018,-46.6450279289196 -23.5466351662025,19.0,9.0,1908.0,14.0,5.0,1936.0,Initial year is greater than final year.
41,13,13-8,8.0,rua wenceslau braz,4.0,4,09/05/1908,05/05/1940,"Livro de Emplacamento, n.27, p.123; n.8, p.118",Cintia,8/10/2018,-46.6330464611351 -23.5494759479912,9.0,5.0,1908.0,5.0,5.0,1940.0,Initial year is greater than final year.
44,13,13-104,104.0,rua wenceslau braz,32.0,32,09/05/1908,05/05/1940,"Livro de Emplacamento, n.27, p.123; n.8, p.118",Cintia,8/10/2018,-46.6321113249882 -23.5493910932163,9.0,5.0,1908.0,5.0,5.0,1940.0,Initial year is greater than final year.
49,13,13-47,47.0,rua wenceslau braz,7.0,7,09/05/1908,05/05/1940,"Livro de Emplacamento, n.27, p.123; n.8, p.118",Cintia,8/10/2018,-46.6326661598478 -23.5494480066552,9.0,5.0,1908.0,5.0,5.0,1940.0,Initial year is greater than final year.
52,13,13-67,67.0,rua wenceslau braz,11.0,11,09/05/1908,05/05/1940,"Livro de Emplacamento, n.27, p.123; n.8, p.118",Cintia,8/10/2018,-46.6324714809497 -23.5494280370275,9.0,5.0,1908.0,5.0,5.0,1940.0,Initial year is greater than final year.
54,13,13-93,93.0,rua wenceslau braz,19.0,19,09/05/1908,05/05/1940,"Livro de Emplacamento, n.27, p.123; n.8, p.118",Cintia,8/10/2018,-46.6322183983821 -23.5494020765115,9.0,5.0,1908.0,5.0,5.0,1940.0,Initial year is greater than final year.
56,14,14-21,21.0,rua onze de agosto,3.0,3,02/08/1909,12/06/1939,"Livro de Emplacamento, n.21, p.356; n.7, p.51",Cintia,8/10/2018,-46.6327650904251 -23.5496440079892,2.0,8.0,1909.0,12.0,6.0,1939.0,Initial year is greater than final year.
59,14,14-109,109.0,rua onze de agosto,23.0,23,02/08/1909,12/06/1939,"Livro de Emplacamento, n.21, p.356; n.7, p.51",Cintia,8/10/2018,-46.6329564445489 -23.5504117352214,2.0,8.0,1909.0,12.0,6.0,1939.0,Initial year is greater than final year.
62,14,14-357,357.0,rua onze de agosto,55.0,55,02/08/1909,12/06/1939,"Livro de Emplacamento, n.21, p.357; n.7, p.51",Cintia,8/10/2018,-46.6339733837444 -23.5524244271702,2.0,8.0,1909.0,12.0,6.0,1939.0,Initial year is greater than final year.
65,14,14-98,98.0,rua onze de agosto,16.0,16,02/08/1909,12/06/1939,"Livro de Emplacamento, n.21, p.357; n.7, p.51",Cintia,8/10/2018,-46.6329120867314 -23.5503220871551,2.0,8.0,1909.0,12.0,6.0,1939.0,Initial year is greater than final year.
68,14,14-224,224.0,rua onze de agosto,50.0,50,02/08/1909,12/06/1939,"Livro de Emplacamento, n.21, p.357; n.7, p.51",Cintia,8/10/2018,-46.633426535643 -23.5513457761642,2.0,8.0,1909.0,12.0,6.0,1939.0,Initial year is greater than final year.
73,14,14-348,348.0,rua onze de agosto,80.0,80,02/08/1909,6/12/1939,"Livro de Emplacamento, n.21, p.357; n.7, p.51",Cintia,8/10/2018,-46.6339366709996 -23.5523512880618,2.0,8.0,1909.0,6.0,12.0,1939.0,Initial year is greater than final year.
75,16,16-41,41.0,rua alvares penteado,5.0,5,16/07/1928,08/12/1939,"Livro de Emplacamento, n.26, p.199,; n.13,p.31",Cintia,8/10/2018,-46.6345345441391 -23.5480700675816,16.0,7.0,1928.0,8.0,12.0,1939.0,Initial year is greater than final year.
76,16,16-41,41.0,rua alvares penteado,7.0,7,21/06/1912,15/07/1928,"Livro de Emplacamento, n.26, p.199,; n.13,p.31; n.1, p.44",Cintia,8/10/2018,-46.6345345441391 -23.5480700675816,21.0,6.0,1912.0,15.0,7.0,1928.0,Initial year is greater than final year.
78,16,16-121,121.0,rua alvares penteado,17.0,17,16/07/1928,08/12/1939,"Livro de Emplacamento, n.26, p.199,; n.13,p.31; n.1, p.44",Cintia,8/10/2018,-46.6347419713366 -23.5473767762027,16.0,7.0,1928.0,8.0,12.0,1939.0,Initial year is greater than final year.
81,16,16-221,221.0,rua alvares penteado,31.1,31A,16/07/1928,08/12/1939,"Livro de Emplacamento, n.26, p.199,; n.13,p.31; n.1, p.44",Cintia,8/10/2018,-46.6350018109431 -23.546508865265,16.0,7.0,1928.0,8.0,12.0,1939.0,Initial year is greater than final year.
82,16,16-221,221.0,rua alvares penteado,43.0,43 E/T,21/06/1912,15/07/1928,"Livro de Emplacamento, n.26, p.199,; n.13,p.31; n.1, p.44",Cintia,8/10/2018,-46.6350018109431 -23.546508865265,21.0,6.0,1912.0,15.0,7.0,1928.0,Initial year is greater than final year.
84,16,16-18,18.0,rua alvares penteado,2.4,2B,16/07/1928,08/12/1939,"Livro de Emplacamento, n.26, p.199,; n.13,p.31; n.1, p.44",Cintia,8/10/2018,-46.6345032713096 -23.5482747197674,16.0,7.0,1928.0,8.0,12.0,1939.0,Initial year is greater than final year.
87,16,16-112,112.0,rua alvares penteado,12.0,12,16/07/1928,08/12/1939,"Livro de Emplacamento, n.26, p.199,; n.13,p.31; n.1, p.44",Cintia,8/10/2018,-46.6347186232841 -23.5474548994173,16.0,7.0,1928.0,8.0,12.0,1939.0,Initial year is greater than final year.
88,16,16-112,112.0,rua alvares penteado,24.0,24,21/06/1912,15/07/1928,"Livro de Emplacamento, n.26, p.199,; n.13,p.31; n.1, p.44",Cintia,8/10/2018,-46.6347186232841 -23.5474548994173,21.0,6.0,1912.0,15.0,7.0,1928.0,Initial year is greater than final year.
90,16,16-218,218.0,rua alvares penteado,26.0,26 sob,16/07/1928,08/12/1939,"Livro de Emplacamento, n.26, p.199,; n.13,p.31; n.1, p.44",Cintia,8/10/2018,-46.6349940036099 -23.5465348989572,16.0,7.0,1928.0,8.0,12.0,1939.0,Initial year is greater than final year.
93,17,17-19,19.0,rua do comercio,1.0,1,16/06/1928,11/05/1936,"Livro de Emplacamento n.21, p.343; n.13,p.85; n.3, p.30",Cintia,8/10/2018,-46.6344721287009 -23.5463282260152,16.0,6.0,1928.0,11.0,5.0,1936.0,Initial year is greater than final year.
96,17,17-39,39.0,rua do comercio,3.0,3 sob,16/06/1928,11/05/1936,"Livro de Emplacamento n.21, p.343; n.13,p.85; n.3, p.30",Cintia,8/10/2018,-46.6346663833178 -23.5463512691798,16.0,6.0,1928.0,11.0,5.0,1936.0,Initial year is greater than final year.
99,17,17-14,14.0,rua do comercio,2.0,2,16/06/1928,11/05/1936,"Livro de Emplacamento n.21, p.343; n.13,p.85; n.3, p.30",Cintia,8/10/2018,-46.6344235672528 -23.5463224465931,16.0,6.0,1928.0,11.0,5.0,1936.0,Initial year is greater than final year.
102,17,17-58,58.0,rua do comercio,6.0,6,16/06/1928,11/05/1936,"Livro de Emplacamento n.21, p.343; n.13,p.85; n.3, p.30",Cintia,8/10/2018,-46.6348509426704 -23.546373012681,16.0,6.0,1928.0,11.0,5.0,1936.0,Initial year is greater than final year.
105,19,19-63,63.0,rua da quitanda,1.0,1,22/06/1928,01/01/1935,"Livro de Emplacamento, n.19, p.222; n.14, p.57",Cintia,8/10/2018,-46.6347198895016 -23.5476493894439,22.0,6.0,1928.0,1.0,1.0,1935.0,Initial year is greater than final year.
108,19,19-113,113.0,rua da quitanda,13.0,13 s°,22/06/1928,01/01/1935,"Livro de Emplacamento, n.19, p.222; n.14, p.57",Cintia,8/10/2018,-46.6352043260795 -23.5477013638421,22.0,6.0,1928.0,1.0,1.0,1935.0,Initial year is greater than final year.
111,19,19-161,161.0,rua da quitanda,23.0,23,22/06/1928,01/01/1935,"Livro de Emplacamento, n.19, p.222; n.14, p.57",Cintia,8/10/2018,-46.6356667729931 -23.5477098245499,22.0,6.0,1928.0,1.0,1.0,1935.0,Initial year is greater than final year.
114,19,19-18,18.0,rua da quitanda,2.0,2 s°,22/06/1928,01/01/1935,"Livro de Emplacamento, n.19, p.222; n.14, p.57",Cintia,8/10/2018,-46.6342969405502 -23.5475365159249,22.0,6.0,1928.0,1.0,1.0,1935.0,Initial year is greater than final year.
117,19,19-114,114.0,rua da quitanda,12.0,12,22/06/1928,01/01/1935,"Livro de Emplacamento, n.19, p.222; n.14, p.57",Cintia,8/10/2018,-46.6352139947953 -23.5477025839393,22.0,6.0,1928.0,1.0,1.0,1935.0,Initial year is greater than final year.
120,19,19-162,162.0,rua da quitanda,20.0,20 sob,22/06/1928,01/01/1935,"Livro de Emplacamento, n.19, p.222; n.14, p.57",Cintia,8/10/2018,-46.6356758438952 -23.5477062620456,22.0,6.0,1928.0,1.0,1.0,1935.0,Initial year is greater than final year.
123,20,20-11,11.0,rua direita,1.0,1,03/01/1928,02/04/1938,"Livro de Emplacamento, n.24, p.205; n.13, p.112",Cintia,8/10/2018,-46.6337412226959 -23.5489677965028,3.0,1.0,1928.0,2.0,4.0,1938.0,Initial year is greater than final year.
125,20,20-141,141.0,rua direita,15.0,15,13/03/1928,02/04/1938,"Livro de Emplacamento, n.24, p.205; n.13, p.112",Cintia,8/10/2018,-46.6349188845581 -23.5485618298791,13.0,3.0,1928.0,2.0,4.0,1938.0,Initial year is greater than final year.
128,20,20-271,271.0,rua direita,39.3,39C,13/03/1928,02/04/1938,"Livro de Emplacamento, n.24, p.205; n.13, p.112",Cintia,8/10/2018,-46.6360397101581 -23.5480009809305,13.0,3.0,1928.0,2.0,4.0,1938.0,Initial year is greater than final year.
131,20,20-22,22.0,rua direita,2.0,2,13/03/1928,02/04/1938,"Livro de Emplacamento, n.24, p.205; n.13, p.112",Cintia,8/10/2018,-46.6338447793217 -23.5489449362164,13.0,3.0,1928.0,2.0,4.0,1938.0,Initial year is greater than final year.
134,20,20-120,120.0,rua direita,10.0,10,13/03/1928,02/04/1938,"Livro de Emplacamento, n.24, p.205; n.13, p.112",Cintia,8/10/2018,-46.634737828115 -23.5486524285554,13.0,3.0,1928.0,2.0,4.0,1938.0,Initial year is greater than final year.
137,20,20-246,246.0,rua direita,28.1,28 sob,13/03/1928,02/04/1938,"Livro de Emplacamento, n.24, p.205; n.13, p.112",Cintia,8/10/2018,-46.6358241667735 -23.5481088364975,13.0,3.0,1928.0,2.0,4.0,1938.0,Initial year is greater than final year.
142,51,51-410,410.0,rua formosa,1.0,1,23/02/1909,10/05/1936,"Livro de Emplacamento, n.21,p.307; n.4, p.39",Cintia,8/10/2018,-46.6387697132013 -23.547459687297,23.0,2.0,1909.0,10.0,5.0,1936.0,Initial year is greater than final year.
144,51,51-19,19.0,rua formosa,72.0,72,23/02/1909,10/05/1936,"Livro de Emplacamento, n.21,p.307; n.4, p.39",Cintia,8/10/2018,-46.6364729031189 -23.5446559449976,23.0,2.0,1909.0,10.0,5.0,1936.0,Initial year is greater than final year.
147,51,51-197,197.0,rua formosa,26.0,26,23/02/1909,10/05/1936,"Livro de Emplacamento, n.21,p.307; n.4, p.39",Cintia,8/10/2018,-46.6375246367661 -23.5459273650285,23.0,2.0,1909.0,10.0,5.0,1936.0,Initial year is greater than final year.
150,51,51-449,449.0,rua formosa,4.0,4,23/02/1909,10/05/1936,"Livro de Emplacamento, n.21,p.307; n.4, p.39",Cintia,8/10/2018,-46.6389930296125 -23.5477440051298,23.0,2.0,1909.0,10.0,5.0,1936.0,Initial year is greater than final year.
152,54,54-15,15.0,rua vinte e quatro de maio,1.0,1,20/02/1909,11/05/1935,"Livro de Emplacamento n.20, p.154; n.9, p.199",Cintia,8/10/2018,-46.6389062384883 -23.5447566628252,20.0,2.0,1909.0,11.0,5.0,1935.0,Initial year is greater than final year.
154,54,54-113,113.0,rua vinte e quatro de maio,27.0,27,20/02/1909,11/05/1935,"Livro de Emplacamento n.20, p.154; n.9, p.199",Cintia,8/10/2018,-46.6396326884293 -23.5441830405246,20.0,2.0,1909.0,11.0,5.0,1935.0,Initial year is greater than final year.
158,54,54-32,32.0,rua vinte e quatro de maio,4.0,4,20/02/1909,11/05/1935,"Livro de Emplacamento n.20, p.154; n.9, p.199",Cintia,8/10/2018,-46.6390322553148 -23.5446571569159,20.0,2.0,1909.0,11.0,5.0,1935.0,Initial year is greater than final year.
160,54,54-196,196.0,rua vinte e quatro de maio,42.0,42,20/02/1909,11/05/1935,"Livro de Emplacamento n.20, p.154; n.9, p.199",Cintia,8/10/2018,-46.640247284289 -23.543696381269,20.0,2.0,1909.0,11.0,5.0,1935.0,Initial year is greater than final year.
163,54,54-262,262.0,rua vinte e quatro de maio,50.2,50 sob,20/02/1909,11/05/1935,"Livro de Emplacamento n.20, p.154; n.9, p.199",Cintia,8/10/2018,-46.6407341916439 -23.5433071411395,20.0,2.0,1909.0,11.0,5.0,1935.0,Initial year is greater than final year.
165,55,55-11,11.0,rua são francisco,3.0,3,19/03/1909,20/09/1938,"Livro de Emplacamento n.25, p.120; n.8, p.128",Cintia,8/10/2018,-46.6370079948136 -23.5494968492353,19.0,3.0,1909.0,20.0,9.0,1938.0,Initial year is greater than final year.
169,55,55-115,115.0,rua são francisco,27.0,27,19/03/1909,20/09/1938,"Livro de Emplacamento n.25, p.120; n.8, p.128",Cintia,8/10/2018,-46.6378910519782 -23.5491202225343,19.0,3.0,1909.0,20.0,9.0,1938.0,Initial year is greater than final year.
171,55,55-52,52.0,rua são francisco,20.0,20,19/03/1909,20/09/1938,"Livro de Emplacamento n.25, p.120; n.8, p.128",Cintia,8/10/2018,-46.6373822228215 -23.5493910155752,19.0,3.0,1909.0,20.0,9.0,1938.0,Initial year is greater than final year.
188,65,65-48,48.0,rua alvaro de carvalho,2.0,2,07/12/1928,08/06/1940,"Livro de Emplacamento n.27, p.182; n.13, p.33; n.1, p.43; n.1, p.11",Cintia,10/09/2018,-46.6407530364312 -23.5485006598137,7.0,12.0,1928.0,8.0,6.0,1940.0,Initial year is greater than final year.
189,65,65-48,48.0,rua alvaro de carvalho,59.0,59,17/06/1908,07/11/1928,"Livro de Emplacamento n.27, p.182; n.13, p.33; n.1, p.43; n.1, p.11",Cintia,10/09/2018,-46.6407530364312 -23.5485006598137,17.0,6.0,1908.0,7.0,11.0,1928.0,Initial year is greater than final year.
192,65,65-136,136.0,rua alvaro de carvalho,34.0,34,07/12/1928,08/06/1940,"Livro de Emplacamento n.27, p.182; n.13, p.33; n.1, p.43; n.1, p.11",Cintia,10/09/2018,-46.6415646921042 -23.5487195099628,7.0,12.0,1928.0,8.0,6.0,1940.0,Initial year is greater than final year.
195,65,65-272,272.0,rua alvaro de carvalho,64.1,64A,07/12/1928,08/06/1940,"Livro de Emplacamento n.27, p.182; n.13, p.33; n.1, p.43; n.1, p.11",Cintia,10/09/2018,-46.6427417116765 -23.5493071240033,7.0,12.0,1928.0,8.0,6.0,1940.0,Initial year is greater than final year.
198,65,65-246,246.0,rua alvaro de carvalho,62.0,62,07/12/1928,08/06/1940,"Livro de Emplacamento n.27, p.182; n.13, p.33; n.1, p.43; n.1, p.11",Cintia,10/09/2018,-46.6425156227047 -23.5491969315183,7.0,12.0,1928.0,8.0,6.0,1940.0,Initial year is greater than final year.
199,65,65-246,246.0,rua alvaro de carvalho,3.0,3,17/06/1908,07/11/1928,"Livro de Emplacamento n.27, p.182; n.13, p.33; n.1, p.43; n.1, p.11",Cintia,10/09/2018,-46.6425156227047 -23.5491969315183,17.0,6.0,1908.0,7.0,11.0,1928.0,Initial year is greater than final year.
201,65,65-75,75.0,rua alvaro de carvalho,1.0,1,07/12/1928,08/06/1940,"Livro de Emplacamento n.27, p.182; n.13, p.33; n.1, p.43; n.1, p.11",Cintia,10/09/2018,-46.6410118825038 -23.5485355445116,7.0,12.0,1928.0,8.0,6.0,1940.0,Initial year is greater than final year.
204,65,65-111,111.0,rua alvaro de carvalho,7.0,7,07/12/1928,08/06/1940,"Livro de Emplacamento n.27, p.182; n.13, p.33; n.1, p.43; n.1, p.11",Cintia,10/09/2018,-46.6413476602765 -23.5486128202458,7.0,12.0,1928.0,8.0,6.0,1940.0,Initial year is greater than final year.
205,65,65-111,111.0,rua alvaro de carvalho,48.0,48,22/05/1912,07/11/1928,"Livro de Emplacamento n.27, p.182; n.13, p.33; n.1, p.43; n.1, p.11",Cintia,10/09/2018,-46.6413476602765 -23.5486128202458,22.0,5.0,1912.0,7.0,11.0,1928.0,Initial year is greater than final year.
208,65,65-219,219.0,rua alvaro de carvalho,35.0,35,07/12/1928,08/06/1940,"Livro de Emplacamento n.27, p.182; n.13, p.33; n.1, p.43; n.1, p.11",Cintia,10/09/2018,-46.6422808380032 -23.5490825008607,7.0,12.0,1928.0,8.0,6.0,1940.0,Initial year is greater than final year.
209,65,65-219,219.0,rua alvaro de carvalho,18.0,18,22/03/1912,07/11/1928,"Livro de Emplacamento n.27, p.182; n.13, p.33; n.1, p.43; n.1, p.11",Cintia,10/09/2018,-46.6422808380032 -23.5490825008607,22.0,3.0,1912.0,7.0,11.0,1928.0,Initial year is greater than final year.
211,69,69-44,44.0,rua braulio gomes,2.0,2,08/08/1930,13/01/1936,"Livro de Emplacamento, n.20, p.297; n.17, p.64; n.2, p.8",Cintia,10/09/2018,-46.6413645446988 -23.5463385113207,8.0,8.0,1930.0,13.0,1.0,1936.0,Initial year is greater than final year.
213,69,69-50,50.0,rua braulio gomes,2.1,2A,08/08/1930,13/01/1936,"Livro de Emplacamento, n.20, p.297; n.17, p.64; n.2, p.8",Cintia,10/09/2018,-46.6413675329899 -23.5463929045186,8.0,8.0,1930.0,13.0,1.0,1936.0,Initial year is greater than final year.
216,69,69-96,96.0,rua braulio gomes,18.0,18,08/08/1930,13/01/1936,"Livro de Emplacamento, n.20, p.297; n.17, p.64; n.2, p.8",Cintia,10/09/2018,-46.6413742247769 -23.5468103646351,8.0,8.0,1930.0,13.0,1.0,1936.0,Initial year is greater than final year.
218,69,69-186,186.0,rua braulio gomes,44.1,44-A,08/08/1930,13/01/1936,"Livro de Emplacamento, n.20, p.297; n.17, p.64; n.2, p.8",Cintia,10/09/2018,-46.6413738227092 -23.547627491665,8.0,8.0,1930.0,13.0,1.0,1936.0,Initial year is greater than final year.
219,69,69-186,186.0,rua braulio gomes,44.1,46ª,20/02/1908,08/07/1930,"Livro de Emplacamento, n.20, p.297; n.17, p.64; n.2, p.8",Cintia,10/09/2018,-46.6413738227092 -23.547627491665,20.0,2.0,1908.0,8.0,7.0,1930.0,Initial year is greater than final year.
221,69,69-33,33.0,rua braulio gomes,1.0,1,20/02/1908,13/01/1936,"Livro de Emplacamento, n.20, p.297; n.17, p.64; n.2, p.8",Cintia,10/09/2018,-46.6412901949556 -23.5462798418789,20.0,2.0,1908.0,13.0,1.0,1936.0,Initial year is greater than final year.
223,69,69-125,125.0,rua braulio gomes,15.0,15,20/02/1908,13/01/1936,"Livro de Emplacamento, n.20, p.297; n.17, p.64; n.2, p.8",Cintia,10/09/2018,-46.6413743899211 -23.5470736614917,20.0,2.0,1908.0,13.0,1.0,1936.0,Initial year is greater than final year.
225,69,69-183,183.0,rua braulio gomes,31.0,31,08/08/1930,13/01/1936,"Livro de Emplacamento, n.20, p.297; n.17, p.64; n.2, p.8",Cintia,10/09/2018,-46.6413739080427 -23.5476002541875,8.0,8.0,1930.0,13.0,1.0,1936.0,Initial year is greater than final year.
226,69,69-183,183.0,rua braulio gomes,27.0,27,20/02/1909,08/07/1930,"Livro de Emplacamento, n.20, p.297; n.17, p.64; n.2, p.8",Cintia,10/09/2018,-46.6413739080427 -23.5476002541875,20.0,2.0,1909.0,8.0,7.0,1930.0,Initial year is greater than final year.
229,73,73-94,94.0,rua da consolação,16.0,16,20/02/1909,13/07/1939,"Livro de Emplacamento, n.25, p.195",Cintia,10/09/2018,-46.6422603581373 -23.5479638618438,20.0,2.0,1909.0,13.0,7.0,1939.0,Initial year is greater than final year.
246,90,90-87,87.0,rua dr. villa nova,1.0,1,17/02/1907,10/09/1935,"Livro de Emplacamento, n.20, p.74; n.17, p.166; n.1911, p.5; n.9, p.176",Cintia,10/09/2018,-46.6502368279929 -23.5445178494731,17.0,2.0,1907.0,10.0,9.0,1935.0,Initial year is greater than final year.
248,90,90-225,225.0,rua dr. villa nova,3.0,3,17/02/1907,10/09/1935,"Livro de Emplacamento, n.20, p.74; n.17, p.166; n.1911, p.5; n.9, p.176",Cintia,10/09/2018,-46.6502618035877 -23.5457561653082,17.0,2.0,1907.0,10.0,9.0,1935.0,Initial year is greater than final year.
251,90,90-327,327.0,rua dr. villa nova,29.0,29,07/05/1911,10/09/1935,"Livro de Emplacamento, n.20, p.74; n.17, p.166; n.1911, p.5; n.9, p.176",Cintia,10/09/2018,-46.6502870067978 -23.546670713892,7.0,5.0,1911.0,10.0,9.0,1935.0,Initial year is greater than final year.
253,90,90-321,321.0,rua dr. villa nova,27.0,27,17/02/1907,10/09/1935,"Livro de Emplacamento, n.20, p.74; n.17, p.166; n.1911, p.5; n.9, p.176",Cintia,10/09/2018,-46.6502835469895 -23.5466175212393,17.0,2.0,1907.0,10.0,9.0,1935.0,Initial year is greater than final year.
257,90,90-150,150.0,rua dr. villa nova,2.0,2,17/02/1907,10/09/1935,"Livro de Emplacamento, n.20, p.74; n.17, p.166; n.1911, p.5; n.9, p.176",Cintia,10/09/2018,-46.650246092048 -23.5450832127372,17.0,2.0,1907.0,10.0,9.0,1935.0,Initial year is greater than final year.
261,90,90-300,300.0,rua dr. villa nova,26.0,26,17/09/1934,10/09/1935,"Livro de Emplacamento, n.20, p.74; n.17, p.166; n.1911, p.5; n.9, p.176",Cintia,10/09/2018,-46.650279416705 -23.5464290837968,17.0,9.0,1934.0,10.0,9.0,1935.0,Initial year is greater than final year.
269,92,92-37,37.0,rua maria borba,3.0,3,09/12/1908,10/03/1935,"Livro de Emplacamento, n.20, p.83A; n.6, p.82",Cintia,10/10/2018,-46.648289256011 -23.5471561225163,9.0,12.0,1908.0,10.0,3.0,1935.0,Initial year is greater than final year.
271,92,92-55,55.0,rua maria borba,9.0,9,09/12/1908,10/03/1935,"Livro de Emplacamento, n.20, p.83A; n.6, p.82",Cintia,10/10/2018,-46.648465472397 -23.5471514893161,9.0,12.0,1908.0,10.0,3.0,1935.0,Initial year is greater than final year.
274,92,92-87,87.0,rua maria borba,17.0,17,09/12/1908,10/03/1935,"Livro de Emplacamento, n.20, p.83A; n.6, p.82",Cintia,10/10/2018,-46.6487787459721 -23.5471432525157,9.0,12.0,1908.0,10.0,3.0,1935.0,Initial year is greater than final year.
280,95,95-19,19.0,rua caio prado,1.0,1,19/08/1911,17/02/1936,"Livro de Emplacamento n.20, p.357; n.17, p.87; n.3, p.16",Cintia,10/10/2018,-46.6477248944279 -23.5512236959703,19.0,8.0,1911.0,17.0,2.0,1936.0,Initial year is greater than final year.
282,95,95-79,79.0,rua caio prado,15.0,15,20/09/1930,17/02/1936,"Livro de Emplacamento n.20, p.357; n.17, p.87; n.3, p.16",Cintia,10/10/2018,-46.6479161757902 -23.5507149538745,20.0,9.0,1930.0,17.0,2.0,1936.0,Initial year is greater than final year.
284,95,95-383,383.0,rua caio prado,63.0,63,20/09/1930,17/02/1936,"Livro de Emplacamento n.20, p.357; n.17, p.87; n.3, p.16",Cintia,10/10/2018,-46.6488932481818 -23.5481404761591,20.0,9.0,1930.0,17.0,2.0,1936.0,Initial year is greater than final year.
287,95,95-50,50.0,rua caio prado,2.0,2,20/09/1930,17/02/1936,"Livro de Emplacamento n.20, p.358; n.17, p.87; n.3, p.16",Cintia,10/10/2018,-46.6478237231317 -23.5509608458875,20.0,9.0,1930.0,17.0,2.0,1936.0,Initial year is greater than final year.
289,95,95-370,370.0,rua caio prado,34.0,34,20/09/1930,17/02/1936,"Livro de Emplacamento n.20, p.358; n.17, p.87; n.3, p.16",Cintia,10/10/2018,-46.6488545944412 -23.5482517128868,20.0,9.0,1930.0,17.0,2.0,1936.0,Initial year is greater than final year.
292,98,98-37,37.0,rua augusta,3.0,3,01/03/1925,20/02/1936,"Livro de Emplacamento, n.20, p.378; n.11, p.27; p.1, p.87; n.1, p.54; n.1, p.14",Cintia,10/10/2018,-46.6464843797663 -23.5500774104962,1.0,3.0,1925.0,20.0,2.0,1936.0,Initial year is greater than final year.
294,98,98-615,615.5,rua augusta,123.0,123,27/07/1927,20/02/1936,"Livro de Emplacamento, n.20, p.378; n.11, p.27; p.1, p.87; n.1, p.54; n.1, p.14",Cintia,10/10/2018,-46.6517807296771 -23.5518208379825,27.0,7.0,1927.0,20.0,2.0,1936.0,Initial year is greater than final year.
295,98,98-615,615.5,rua augusta,97.0,97,18/02/1914,26/07/1927,"Livro de Emplacamento, n.20, p.378; n.11, p.27; p.1, p.87; n.1, p.54; n.1, p.14",Cintia,10/10/2018,-46.6517807296771 -23.5518208379825,18.0,2.0,1914.0,26.0,7.0,1927.0,Initial year is greater than final year.
297,98,98-66,66.0,rua augusta,8.0,8,27/06/1927,20/02/1936,"Livro de Emplacamento, n.20, p.378; n.11, p.27; p.1, p.87; n.1, p.54; n.1, p.14",Cintia,10/10/2018,-46.6467504347144 -23.5501630996454,27.0,6.0,1927.0,20.0,2.0,1936.0,Initial year is greater than final year.
298,98,98-66,66.0,rua augusta,2.0,2,18/02/1914,26/06/1927,"Livro de Emplacamento, n.20, p.378; n.11, p.27; p.1, p.87; n.1, p.54; n.1, p.14",Cintia,10/10/2018,-46.6467504347144 -23.5501630996454,18.0,2.0,1914.0,26.0,6.0,1927.0,Initial year is greater than final year.
300,98,98-534,534.6,rua augusta,90.0,90,27/06/1927,20/02/1936,"Livro de Emplacamento, n.20, p.378; n.11, p.27; p.1, p.87; n.1, p.54; n.1, p.14",Cintia,10/10/2018,-46.6510407084563 -23.5515750623511,27.0,6.0,1927.0,20.0,2.0,1936.0,Initial year is greater than final year.
301,98,98-534,534.6,rua augusta,52.0,52,18/02/1914,26/06/1927,"Livro de Emplacamento, n.20, p.378; n.11, p.27; p.1, p.87; n.1, p.54; n.1, p.14",Cintia,10/10/2018,-46.6510407084563 -23.5515750623511,18.0,2.0,1914.0,26.0,6.0,1927.0,Initial year is greater than final year.
304,98,98-1062,1062.0,rua augusta,202.0,202,27/06/1927,20/02/1936,"Livro de Emplacamento, n.20, p.378; n.11, p.27; p.1, p.87; n.1, p.54; n.1, p.14",Cintia,10/10/2018,-46.6555560527822 -23.5538023968433,27.0,6.0,1927.0,20.0,2.0,1936.0,Initial year is greater than final year.
305,98,98-1062,1062.0,rua augusta,166.0,166,18/02/1914,26/06/1927,"Livro de Emplacamento, n.20, p.378; n.11, p.27; p.1, p.87; n.1, p.54; n.1, p.14",Cintia,10/10/2018,-46.6555560527822 -23.5538023968433,18.0,2.0,1914.0,26.0,6.0,1927.0,Initial year is greater than final year.
306,98,98-1062,1062.0,rua augusta,112.0,112,13/04/1908,17/02/1914,"Livro de Emplacamento, n.20, p.378; n.11, p.27; p.1, p.87; n.1, p.54; n.1, p.14",Cintia,10/10/2018,-46.6555560527822 -23.5538023968433,13.0,4.0,1908.0,17.0,2.0,1914.0,Initial year is greater than final year.
309,101,101-48,48.0,rua olinda,10.0,10,26/01/1911,01/09/1936,"Livro de Emplacamento, n.20, p.286; n.11, p.54",Cintia,10/10/2018,-46.6474531322979 -23.5479762720631,26.0,1.0,1911.0,1.0,9.0,1936.0,Initial year is greater than final year.
312,101,101-92,92.0,rua olinda,26.0,26,26/01/1911,01/09/1936,"Livro de Emplacamento, n.20, p.286; n.11, p.54",Cintia,10/10/2018,-46.6473145062568 -23.548349703582,26.0,1.0,1911.0,1.0,9.0,1936.0,Initial year is greater than final year.
315,101,101-152,152.0,rua olinda,40.0,40,26/01/1911,01/09/1936,"Livro de Emplacamento, n.20, p.286; n.11, p.54",Cintia,10/10/2018,-46.6471254707461 -23.5488589283805,26.0,1.0,1911.0,1.0,9.0,1936.0,Initial year is greater than final year.
320,101,101-39,39.0,rua olinda,1.0,1,26/01/1911,01/09/1936,"Livro de Emplacamento, n.20, p.286; n.11, p.54",Cintia,10/10/2018,-46.6474814876245 -23.5478998883433,26.0,1.0,1911.0,1.0,9.0,1936.0,Initial year is greater than final year.
322,101,101-59,59.0,rua olinda,9.0,9,26/01/1911,01/09/1936,"Livro de Emplacamento, n.20, p.286; n.11, p.54",Cintia,10/10/2018,-46.6474184757876 -23.5480696299428,26.0,1.0,1911.0,1.0,9.0,1936.0,Initial year is greater than final year.
325,113,113-85,85.8,rua são miguel,11.0,11,06/03/1922,25/10/1937,"Livro de Emplacamento, n.24, p.49; n.9, p.38",Cintia,10/10/2018,-46.6544365877309 -23.5553019026288,6.0,3.0,1922.0,25.0,10.0,1937.0,Initial year is greater than final year.
327,113,113-121,120.2,rua são miguel,19.0,19,06/03/1922,25/10/1937,"Livro de Emplacamento, n.24, p.49; n.9, p.38",Cintia,10/10/2018,-46.6542795011991 -23.5555747710446,6.0,3.0,1922.0,25.0,10.0,1937.0,Initial year is greater than final year.
329,113,113-36,35.7,rua são miguel,4.0,4,06/03/1922,25/10/1937,"Livro de Emplacamento, n.24, p.49; n.9, p.38",Cintia,10/10/2018,-46.6546653678252 -23.5549044983371,6.0,3.0,1922.0,25.0,10.0,1937.0,Initial year is greater than final year.
331,113,113-110,110.7,rua são miguel,16.0,16,06/03/1922,25/10/1937,"Livro de Emplacamento, n.24, p.49; n.9, p.38",Cintia,10/10/2018,-46.6543228826541 -23.5554994149414,6.0,3.0,1922.0,25.0,10.0,1937.0,Initial year is greater than final year.
334,117,117-19,19.2,rua aureliano coutinho,1.0,1,17/09/1928,29/06/1936,"Livro de Emplacamento, n.21, p.177; n.13, n.13, p.29",Cintia,10/10/2018,-46.6526899382574 -23.5402155841471,17.0,9.0,1928.0,29.0,6.0,1936.0,Initial year is greater than final year.
336,117,117-109,108.3,rua aureliano coutinho,23.0,23,17/09/1928,29/06/1936,"Livro de Emplacamento, n.21, p.177; n.13, n.13, p.29",Cintia,10/10/2018,-46.6529295725075 -23.5409829243841,17.0,9.0,1928.0,29.0,6.0,1936.0,Initial year is greater than final year.
339,117,117-245,244.8,rua aureliano coutinho,41.0,41,17/09/1928,29/06/1936,"Livro de Emplacamento, n.21, p.177; n.13, n.13, p.29",Cintia,10/10/2018,-46.6531324199114 -23.5421845155409,17.0,9.0,1928.0,29.0,6.0,1936.0,Initial year is greater than final year.
342,117,117-52,52.2,rua aureliano coutinho,2.0,2,17/09/1928,29/06/1936,"Livro de Emplacamento, n.21, p.178; n.13, n.13, p.29",Cintia,10/10/2018,-46.6527786916834 -23.5404997842349,17.0,9.0,1928.0,29.0,6.0,1936.0,Initial year is greater than final year.
344,117,117-164,163.9,rua aureliano coutinho,20.0,20,17/09/1928,29/06/1936,"Livro de Emplacamento, n.21, p.178; n.13, n.13, p.29",Cintia,10/10/2018,-46.6530791085828 -23.5414617584713,17.0,9.0,1928.0,29.0,6.0,1936.0,Initial year is greater than final year.
347,117,117-456,456.8,rua aureliano coutinho,38.0,38,17/09/1928,29/06/1936,"Livro de Emplacamento, n.21, p.178; n.13, n.13, p.29",Cintia,10/10/2018,-46.6534059385438 -23.5440578153341,17.0,9.0,1928.0,29.0,6.0,1936.0,Initial year is greater than final year.
349,118,118-15,15.7,rua alagoas,1.0,1,30/06/1927,12/11/1936,"Livro de Emplacamento, n.20, p.182; n.11, p.7; n.1, p.32",Cintia,10/10/2018,-46.6546403697044 -23.5479349421567,30.0,6.0,1927.0,12.0,11.0,1936.0,Initial year is greater than final year.
351,118,118-12,11.5,rua alagoas,2.0,2,30/06/1927,12/11/1936,"Livro de Emplacamento, n.20, p.183; n.11, p.7; n.1, p.32",Cintia,10/10/2018,-46.6546030344755 -23.5479506996777,30.0,6.0,1927.0,12.0,11.0,1936.0,Initial year is greater than final year.
353,136,136-245,246.6,rua santa rosa,1.0,1,15/01/1909,27/05/1936,"Livro de Emplacamento, n.21, p.150; n.8, p.139",Cintia,10/10/2018,-46.6267541101873 -23.5426889230734,15.0,1.0,1909.0,27.0,5.0,1936.0,Initial year is greater than final year.
355,136,136-365,365.0,rua santa rosa,35.0,35,15/01/1909,27/05/1936,"Livro de Emplacamento, n.21, p.150; n.8, p.139",Cintia,10/10/2018,-46.6267929845482 -23.5416255895694,15.0,1.0,1909.0,27.0,5.0,1936.0,Initial year is greater than final year.
357,136,136-495,494.9,rua santa rosa,77.0,77,15/01/1909,27/05/1936,"Livro de Emplacamento, n.21, p.150; n.8, p.139",Cintia,10/10/2018,-46.6268369692664 -23.5404590946002,15.0,1.0,1909.0,27.0,5.0,1936.0,Initial year is greater than final year.
361,136,136-258,257.7,rua santa rosa,48.0,48,15/01/1909,27/05/1936,"Livro de Emplacamento, n.21, p.151; n.8, p.139",Cintia,10/10/2018,-46.6267579984247 -23.5425892441688,15.0,1.0,1909.0,27.0,5.0,1936.0,Initial year is greater than final year.
364,136,136-518,517.0,rua santa rosa,110.0,110,15/01/1909,27/05/1936,"Livro de Emplacamento, n.21, p.151; n.8, p.139",Cintia,10/10/2018,-46.6268487080209 -23.5402608310778,15.0,1.0,1909.0,27.0,5.0,1936.0,Initial year is greater than final year.
369,142,142-262,262.8,rua wandenkoik,79.0,79,22/09/1921,30/07/1942,"Livro de Emplacamento, n.29, p.385; n.10, p.58; n.10, p.63; n.10, p.60; n.10, p.59",Cintia,11/10/2018,-46.6234512619576 -23.5519735962744,22.0,9.0,1921.0,30.0,7.0,1942.0,Initial year is greater than final year.
374,142,142-145,141.1,rua wandenkoik,92.0,92,03/04/1926,30/07/1942,"Livro de Emplacamento, n.29, p.387; n.10, p.58; n.10, p.63; n.10, p.60; n.10, p.59",Cintia,11/10/2018,-46.6232336413483 -23.5509006017753,3.0,4.0,1926.0,30.0,7.0,1942.0,Initial year is greater than final year.
376,142,142-395,394.9,rua wandenkoik,44.0,44,03/04/1926,30/07/1942,"Livro de Emplacamento, n.29, p.387; n.10, p.58; n.10, p.63; n.10, p.60; n.10, p.59",Cintia,11/10/2018,-46.6236869612577 -23.5531383879527,3.0,4.0,1926.0,30.0,7.0,1942.0,Initial year is greater than final year.
377,142,142-395,394.9,rua wandenkoik,24.0,24,10/08/1907,03/03/1926,"Livro de Emplacamento, n.29, p.387; n.10, p.58; n.10, p.63; n.10, p.60; n.10, p.59",Cintia,11/10/2018,-46.6236869612577 -23.5531383879527,10.0,8.0,1907.0,3.0,3.0,1926.0,Initial year is greater than final year.
386,145,145-51,51.3,rua piraitininga,1.0,1,25/04/1908,28/04/1936,"Livro de Emplacamento, n.89; n.14, p.54; n.7, p.143; n.7, p.115; n.7, p.93; n.7, p.92",Cintia,11/10/2018,-46.6205028551868 -23.5458800175108,25.0,4.0,1908.0,28.0,4.0,1936.0,Initial year is greater than final year.
388,145,145-581,581.0,rua piraitininga,103.0,103,08/11/1928,28/04/1936,"Livro de Emplacamento, n.90; n.14, p.54; n.7, p.143; n.7, p.115; n.7, p.93; n.7, p.9",Cintia,11/10/2018,-46.6176774031674 -23.5498622882399,8.0,11.0,1928.0,28.0,4.0,1936.0,Initial year is greater than final year.
389,145,145-581,581.0,rua piraitininga,105.0,105,25/04/1908,08/10/1928,"Livro de Emplacamento, n.90; n.14, p.54; n.7, p.143; n.7, p.115; n.7, p.93; n.7, p.9",Cintia,11/10/2018,-46.6176774031674 -23.5498622882399,25.0,4.0,1908.0,8.0,10.0,1928.0,Initial year is greater than final year.
392,145,145-20,20.1,rua piraitininga,2.0,2,25/04/1908,28/04/1936,"Livro de Emplacamento, n.92; n.14, p.54; n.7, p.143; n.7, p.115; n.7, p.93; n.7, p.92",Cintia,11/10/2018,-46.6206714554132 -23.545647015519,25.0,4.0,1908.0,28.0,4.0,1936.0,Initial year is greater than final year.
394,145,145-582,582.6,rua piraitininga,124.0,124,08/11/1928,28/04/1936,"Livro de Emplacamento, n.93; n.14, p.54; n.7, p.143; n.7, p.115; n.7, p.93; n.7, p.92",Cintia,11/10/2018,-46.6176688962105 -23.5498743365675,8.0,11.0,1928.0,28.0,4.0,1936.0,Initial year is greater than final year.
397,145,145-1078,1078.7,rua piraitininga,248.0,248,08/11/1928,28/04/1936,"Livro de Emplacamento, n.94; n.14, p.54; n.7, p.143; n.7, p.115; n.7, p.93; n.7, p.92",Cintia,11/10/2018,-46.6150369695071 -23.5536141316354,8.0,11.0,1928.0,28.0,4.0,1936.0,Initial year is greater than final year.
398,145,145-1078,1078.7,rua piraitininga,234.0,234,18/12/1913,08/10/1928,"Livro de Emplacamento, n.94; n.14, p.54; n.7, p.143; n.7, p.115; n.7, p.93; n.7, p.92",Cintia,11/10/2018,-46.6150369695071 -23.5536141316354,18.0,12.0,1913.0,8.0,10.0,1928.0,Initial year is greater than final year.
400,147,147-16,16.1,rua paulo affonso,2.0,2,04/01/1909,06/12/1939,"Livro de Emplacamento, n.25, p.291; n.15, p.176; n.16, p.172; n.7, p.104",Cintia,11/10/2018,-46.6153163813732 -23.5444539041485,4.0,1.0,1909.0,6.0,12.0,1939.0,Initial year is greater than final year.
402,147,147-68,68.0,rua paulo affonso,10.0,10,23/08/1929,06/12/1939,"Livro de Emplacamento, n.25, p.291; n.15, p.176; n.16, p.172; n.7, p.104",Cintia,11/10/2018,-46.61490129528 -23.5441852795676,23.0,8.0,1929.0,6.0,12.0,1939.0,Initial year is greater than final year.
403,147,147-68,68.0,rua paulo affonso,6.0,6,04/01/1909,22/08/1929,"Livro de Emplacamento, n.25, p.291; n.15, p.176; n.16, p.172; n.7, p.104",Cintia,11/10/2018,-46.61490129528 -23.5441852795676,4.0,1.0,1909.0,22.0,8.0,1929.0,Initial year is greater than final year.
405,147,147-45,44.6,rua paulo affonso,1.0,1,04/01/1909,06/12/1939,"Livro de Emplacamento, n.25, p.292; n.15, p.176; n.16, p.172; n.7, p.104",Cintia,11/10/2018,-46.6150884439232 -23.5443063935405,4.0,1.0,1909.0,6.0,12.0,1939.0,Initial year is greater than final year.
407,147,147-65,63.5,rua paulo affonso,11.0,11,04/01/1909,06/12/1939,"Livro de Emplacamento, n.25, p.292; n.15, p.176; n.16, p.172; n.7, p.104",Cintia,11/10/2018,-46.6149372854037 -23.5442085707162,4.0,1.0,1909.0,6.0,12.0,1939.0,Initial year is greater than final year.
409,177,177-118,118.0,rua barra funda,4.0,4,08/06/1929,20/01/1936,"Livro de Emplacamento, n.20, p.316; n.15, p.190; n.2, p.43; n.2, p.18; n., p.1",Cintia,11/10/2018,-46.6532232203225 -23.5326113838173,8.0,6.0,1929.0,20.0,1.0,1936.0,Initial year is greater than final year.
410,177,177-118,118.0,rua barra funda,8.0,8,26/11/1911,08/05/1929,"Livro de Emplacamento, n.20, p.316; n.15, p.190; n.2, p.43; n.2, p.18; n., p.1",Cintia,11/10/2018,-46.6532232203225 -23.5326113838173,26.0,11.0,1911.0,8.0,5.0,1929.0,Initial year is greater than final year.
412,177,177-460,461.0,rua barra funda,88.0,88,08/06/1929,20/01/1936,"Livro de Emplacamento, n.20, p.316; n.15, p.190; n.2, p.43; n.2, p.18; n., p.1",Cintia,11/10/2018,-46.6554270591745 -23.53029053529,8.0,6.0,1929.0,20.0,1.0,1936.0,Initial year is greater than final year.
413,177,177-460,461.0,rua barra funda,92.0,92,26/07/1911,08/05/1929,"Livro de Emplacamento, n.20, p.316; n.15, p.190; n.2, p.43; n.2, p.18; n., p.1",Cintia,11/10/2018,-46.6554270591745 -23.53029053529,26.0,7.0,1911.0,8.0,5.0,1929.0,Initial year is greater than final year.
415,177,177-67,66.3,rua barra funda,1.0,1,08/06/1929,20/01/1936,"Livro de Emplacamento, n.20, p.316; n.15, p.190; n.2, p.43; n.2, p.18; n., p.1",Cintia,11/10/2018,-46.6529129204958 -23.5329841926809,8.0,6.0,1929.0,20.0,1.0,1936.0,Initial year is greater than final year.
416,177,177-67,66.3,rua barra funda,9.0,9,04/03/1908,08/05/1929,"Livro de Emplacamento, n.20, p.318; n.15, p.190; n.2, p.43; n.2, p.18; n., p.1",Cintia,11/10/2018,-46.6529129204958 -23.5329841926809,4.0,3.0,1908.0,8.0,5.0,1929.0,Initial year is greater than final year.
418,177,177-257,257.0,rua barra funda,41.0,41,08/06/1929,20/01/1936,"Livro de Emplacamento, n.20, p.316; n.15, p.190; n.2, p.43; n.2, p.18; n., p.1",Cintia,11/10/2018,-46.654057559964 -23.5316091127322,8.0,6.0,1929.0,20.0,1.0,1936.0,Initial year is greater than final year.
419,177,177-257,257.0,rua barra funda,53.0,53,04/03/1908,08/05/1929,"Livro de Emplacamento, n.20, p.316; n.15, p.190; n.2, p.43; n.2, p.18; n., p.1",Cintia,11/10/2018,-46.654057559964 -23.5316091127322,4.0,3.0,1908.0,8.0,5.0,1929.0,Initial year is greater than final year.
422,177,177-501,502.0,rua barra funda,101.0,101,08/06/1929,20/01/1936,"Livro de Emplacamento, n.20, p.318; n.15, p.190; n.2, p.43; n.2, p.18; n., p.1",Cintia,11/10/2018,-46.6557279635141 -23.5300512526925,8.0,6.0,1929.0,20.0,1.0,1936.0,Initial year is greater than final year.
423,177,177-501,502.0,rua barra funda,105.0,105,04/03/1908,08/05/1929,"Livro de Emplacamento, n.20, p.318; n.15, p.190; n.2, p.43; n.2, p.18; n., p.1",Cintia,11/10/2018,-46.6557279635141 -23.5300512526925,4.0,3.0,1908.0,8.0,5.0,1929.0,Initial year is greater than final year.
426,183,183-19,18.5,alameda dino bueno,1.0,1,16/08/1930,25/09/1935,"Livro de Emplacamento, n.20, p.60; n.17,p.62",Cintia,11/10/2018,-46.6407245461802 -23.5351963092859,16.0,8.0,1930.0,25.0,9.0,1935.0,Initial year is greater than final year.
428,183,183-601,601.4,alameda dino bueno,41.0,41,16/08/1930,25/09/1935,"Livro de Emplacamento, n.20, p.60; n.17,p.62",Cintia,11/10/2018,-46.6439524422249 -23.5308848288911,16.0,8.0,1930.0,25.0,9.0,1935.0,Initial year is greater than final year.
431,183,183-899,898.6,alameda dino bueno,101.0,101,16/08/1930,25/09/1935,"Livro de Emplacamento, n.20, p.60; n.17,p.62",Cintia,11/10/2018,-46.6456121048788 -23.5286970046942,16.0,8.0,1930.0,25.0,9.0,1935.0,Initial year is greater than final year.
434,183,183-16,16.4,alameda dino bueno,2.0,2,16/08/1930,25/09/1935,"Livro de Emplacamento, n.20, p.61; n.17,p.63",Cintia,11/10/2018,-46.6407129814579 -23.5352118903021,16.0,8.0,1930.0,25.0,9.0,1935.0,Initial year is greater than final year.
436,183,183-350,350.6,alameda dino bueno,60.0,60,16/08/1930,25/09/1935,"Livro de Emplacamento, n.20, p.61; n.17,p.63",Cintia,11/10/2018,-46.6425617509731 -23.5327385274347,16.0,8.0,1930.0,25.0,9.0,1935.0,Initial year is greater than final year.
439,183,183-886,886.7,alameda dino bueno,148.0,148,16/08/1930,25/09/1935,"Livro de Emplacamento, n.20, p.62; n.17,p.63",Cintia,11/10/2018,-46.6455453394123 -23.5287843691879,16.0,8.0,1930.0,25.0,9.0,1935.0,Initial year is greater than final year.
442,184,184-15,14.5,rua visconde do rio branco,1.0,1,01/05/1909,09/04/1935,"Livro de Emplacamento, n.19, p.391; n.14, p.118; n.9, p.195",Cintia,11/10/2018,-46.6379373965108 -23.5422879713954,1.0,5.0,1909.0,9.0,4.0,1935.0,Initial year is greater than final year.
445,184,184-329,329.1,rua visconde do rio branco,47.0,47,20/04/1928,09/04/1935,"Livro de Emplacamento, n.19, p.391; n.14, p.118; n.9, p.195",Cintia,11/10/2018,-46.6396303645532 -23.5399284903841,20.0,4.0,1928.0,9.0,4.0,1935.0,Initial year is greater than final year.
446,184,184-329,329.1,rua visconde do rio branco,39.0,39,01/05/1909,19/04/1928,"Livro de Emplacamento, n.19, p.391; n.14, p.118; n.9, p.195",Cintia,11/10/2018,-46.6396303645532 -23.5399284903841,1.0,5.0,1909.0,19.0,4.0,1928.0,Initial year is greater than final year.
449,184,184-781,781.3,rua visconde do rio branco,109.0,109,20/04/1928,09/04/1935,"Livro de Emplacamento, n.19, p.391; n.14, p.118; n.9, p.195",Cintia,11/10/2018,-46.6421272611723 -23.5365817437857,20.0,4.0,1928.0,9.0,4.0,1935.0,Initial year is greater than final year.
450,184,184-781,781.3,rua visconde do rio branco,97.0,97,01/05/1909,19/04/1928,"Livro de Emplacamento, n.19, p.391; n.14, p.118; n.9, p.195",Cintia,11/10/2018,-46.6421272611723 -23.5365817437857,1.0,5.0,1909.0,19.0,4.0,1928.0,Initial year is greater than final year.
453,184,184-20,19.9,rua visconde do rio branco,2.0,2,20/04/1928,09/04/1935,"Livro de Emplacamento, n.19, p.393; n.14, p.118; n.9, p.195",Cintia,11/10/2018,-46.637963436053 -23.5422454466134,20.0,4.0,1928.0,9.0,4.0,1935.0,Initial year is greater than final year.
454,184,184-20,19.9,rua visconde do rio branco,8.0,8,01/05/1909,19/04/1928,"Livro de Emplacamento, n.19, p.393; n.14, p.118; n.9, p.195",Cintia,11/10/2018,-46.637963436053 -23.5422454466134,1.0,5.0,1909.0,19.0,4.0,1928.0,Initial year is greater than final year.
456,184,184-326,325.3,rua visconde do rio branco,54.0,54,20/04/1928,09/04/1935,"Livro de Emplacamento, n.19, p.393; n.14, p.118; n.9, p.195",Cintia,11/10/2018,-46.6396091749679 -23.5399564594988,20.0,4.0,1928.0,9.0,4.0,1935.0,Initial year is greater than final year.
457,184,184-326,325.3,rua visconde do rio branco,48.0,48,01/05/1909,19/04/1928,"Livro de Emplacamento, n.19, p.393; n.14, p.118; n.9, p.195",Cintia,11/10/2018,-46.6396091749679 -23.5399564594988,1.0,5.0,1909.0,19.0,4.0,1928.0,Initial year is greater than final year.
460,184,184-774,774.1,rua visconde do rio branco,128.0,128,20/04/1928,09/04/1935,"Livro de Emplacamento, n.19, p.393; n.14, p.118; n.9, p.195",Cintia,11/10/2018,-46.6420873034056 -23.536634882001,20.0,4.0,1928.0,9.0,4.0,1935.0,Initial year is greater than final year.
461,184,184-774,774.1,rua visconde do rio branco,116.0,116,01/05/1909,19/04/1928,"Livro de Emplacamento, n.19, p.393; n.14, p.118; n.9, p.195",Cintia,11/10/2018,-46.6420873034056 -23.536634882001,1.0,5.0,1909.0,19.0,4.0,1928.0,Initial year is greater than final year.
472,185,185-9,9.0,rua cleveland,1.0,1,11/07/1908,10/11/1935,"Livro de Emplacamento, n.20, p.169;n.3, p.55; n.2, p.82",Cintia,11/10/2018,-46.6398421056656 -23.5347141060037,11.0,7.0,1908.0,10.0,11.0,1935.0,Initial year is greater than final year.
474,185,185-307,307.8,rua cleveland,43.0,43,11/07/1908,10/11/1935,"Livro de Emplacamento, n.20, p.169;n.3, p.55; n.2, p.82",Cintia,11/10/2018,-46.6414927649515 -23.5325010432869,11.0,7.0,1908.0,10.0,11.0,1935.0,Initial year is greater than final year.
477,185,185-737,736.5,rua cleveland,93.0,93,14/10/1916,10/11/1935,"Livro de Emplacamento, n.20, p.170;n.3, p.55; n.2, p.82",Cintia,11/10/2018,-46.643877631535 -23.5293383702213,14.0,10.0,1916.0,10.0,11.0,1935.0,Initial year is greater than final year.
478,185,185-737,736.5,rua cleveland,99.0,99,11/07/1908,13/10/1916,"Livro de Emplacamento, n.20, p.170;n.3, p.55; n.2, p.82",Cintia,11/10/2018,-46.643877631535 -23.5293383702213,11.0,7.0,1908.0,13.0,10.0,1916.0,Initial year is greater than final year.
481,185,185-412,412.2,rua cleveland,26.0,26,14/10/1916,10/11/1935,"Livro de Emplacamento, n.20, p.171;n.3, p.55; n.2, p.82",Cintia,11/10/2018,-46.6420690538514 -23.531727470191,14.0,10.0,1916.0,10.0,11.0,1935.0,Initial year is greater than final year.
482,185,185-412,412.2,rua cleveland,38.0,38,11/07/1908,13/10/1916,"Livro de Emplacamento, n.20, p.171;n.3, p.55; n.2, p.82",Cintia,11/10/2018,-46.6420690538514 -23.531727470191,11.0,7.0,1908.0,13.0,10.0,1916.0,Initial year is greater than final year.
485,185,185-546,546.8,rua cleveland,38.0,38,14/10/1916,10/11/1935,"Livro de Emplacamento, n.20, p.171;n.3, p.55; n.2, p.82",Cintia,11/10/2018,-46.642817247912 -23.530734031238,14.0,10.0,1916.0,10.0,11.0,1935.0,Initial year is greater than final year.
486,185,185-546,546.8,rua cleveland,60.0,60,11/07/1908,13/10/1916,"Livro de Emplacamento, n.20, p.171;n.3, p.55; n.2, p.82",Cintia,11/10/2018,-46.642817247912 -23.530734031238,11.0,7.0,1908.0,13.0,10.0,1916.0,Initial year is greater than final year.
489,185,185-762,762.3,rua cleveland,78.0,78,14/10/1916,10/11/1935,"Livro de Emplacamento, n.20, p.171;n.3, p.55; n.2, p.82",Cintia,11/10/2018,-46.6440218855431 -23.5291485827898,14.0,10.0,1916.0,10.0,11.0,1935.0,Initial year is greater than final year.
490,185,185-762,762.3,rua cleveland,106.0,106,11/07/1908,13/10/1916,"Livro de Emplacamento, n.20, p.171;n.3, p.55; n.2, p.82",Cintia,11/10/2018,-46.6440218855431 -23.5291485827898,11.0,7.0,1908.0,13.0,10.0,1916.0,Initial year is greater than final year.
493,186,186-23,22.4,alameda barão de piracicaba,1.0,1,16/05/1908,18/09/1935,"Livro de Emplacamento, n.20, p.37; n.17, p.73; n.2,p.19; n.1,p.99",Cintia,12/10/2018,-46.641566655521 -23.5357186617684,16.0,5.0,1908.0,18.0,9.0,1935.0,Initial year is greater than final year.
495,186,186-415,415.8,alameda barão de piracicaba,79.0,79,23/07/1930,18/09/1935,"Livro de Emplacamento, n.20, p.37; n.17, p.73; n.2,p.19; n.1,p.99",Cintia,12/10/2018,-46.6437475751108 -23.5328112496838,23.0,7.0,1930.0,18.0,9.0,1935.0,Initial year is greater than final year.
496,186,186-415,415.8,alameda barão de piracicaba,65.0,65,18/10/1911,22/07/1930,"Livro de Emplacamento, n.20, p.37; n.17, p.73; n.2,p.19; n.1,p.99",Cintia,12/10/2018,-46.6437475751108 -23.5328112496838,18.0,10.0,1911.0,22.0,7.0,1930.0,Initial year is greater than final year.
497,186,186-415,415.8,alameda barão de piracicaba,67.0,67,16/05/1908,17/10/1911,"Livro de Emplacamento, n.20, p.37; n.17, p.73; n.2,p.19; n.1,p.99",Cintia,12/10/2018,-46.6437475751108 -23.5328112496838,16.0,5.0,1908.0,17.0,10.0,1911.0,Initial year is greater than final year.
